,areaUnderROC,numFeatures
0,0.6471581687670404,10
1,0.7099647799067115,50
2,0.8115415890448685,200
