,areaUnderROC,numFeatures
0,0.6508686780462892,10
1,0.7312395373554227,50
2,0.7931475200660816,200
