,areaUnderROC,numFeatures
0,0.6371257474774397,10
1,0.7002046938015892,50
2,0.7701474978382894,200
