,areaUnderROC,numFeatures
0,0.6571620651456219,10
1,0.7459449457116446,50
2,0.8108308776385983,200
