,areaUnderROC,numFeatures
0,0.6141045041780195,10
1,0.6788787780350711,50
2,0.7408164566101854,200
